<?xml version="1.0" encoding="UTF-8" standalone="yes"?>
<addon id="repository.jolan" name="Jolan Repository" version="1.0.0" provider-name="Jolan">
    <extension point="xbmc.addon.repository" name="Jolan Repository">
        <dir>
            <info compressed="false">https://raw.githubusercontent.com/jolangorges/repository.jolan/fenfrench2/repo/zips/addons.xml</info>
            <checksum>https://raw.githubusercontent.com/jolangorges/repository.jolan/fenfrench2/repo/zips/addons.xml.md5</checksum>
            <datadir zip="true">https://raw.githubusercontent.com/jolangorges/repository.jolan/fenfrench2/repo/zips/</datadir>
        </dir>
    </extension>
    <extension point="xbmc.addon.metadata">
        <summary>Jolan Repository</summary>
        <description></description>
        <disclaimer></disclaimer>
        <platform>all</platform>
        <assets>
            <icon>icon.png</icon>
            <fanart>fanart.jpg</fanart>
        </assets>
    </extension>
</addon>